-0.0261538,-0.0523077,-0.791818
-0.0240458,-0.0576336,-0.785774
-0.0427481,-0.0503817,-0.785774
-0.0259542,-0.0541985,-0.785774
-0.0232061,-0.0526718,-0.785774
-0.0419847,-0.0473282,-0.785774
-0.0379135,-0.0463104,-0.785774
-0.0236641,-0.048855,-0.785774
-0.0419847,-0.0427481,-0.785774
-0.0374046,-0.0427481,-0.785774
-0.0419847,-0.0374046,-0.785774
-0.0374046,-0.0374046,-0.785774
-0.0419847,-0.0328244,-0.785774
-0.0389313,-0.0335878,-0.785774
-0.0232323,-0.0611111,-0.779821
-0.0409091,-0.0560606,-0.779821
-0.0380952,-0.0571429,-0.779821
-0.0261364,-0.057197,-0.779821
0.0424242,-0.0590909,-0.779821
-0.0409091,-0.0530303,-0.779821
-0.0378788,-0.0530303,-0.779821
-0.0335498,-0.0525974,-0.779821
-0.0276515,-0.0526515,-0.779821
-0.0409091,-0.05,-0.779821
-0.0376623,-0.0489177,-0.779821
-0.0339827,-0.0480519,-0.779821
-0.0242424,-0.0469697,-0.779821
-0.0416667,-0.030303,-0.779821
-0.0376623,-0.0313853,-0.779821
-0.0348485,-0.0318182,-0.779821
-0.0416667,-0.0272727,-0.779821
-0.0380682,-0.0274621,-0.779821
-0.0348485,-0.0280303,-0.779821
-0.0416667,-0.0242424,-0.779821
-0.0330827,-0.0661654,-0.773958
-0.0372932,-0.0607519,-0.773958
-0.0334586,-0.0618421,-0.773958
-0.0255639,-0.0601504,-0.773958
-0.0240602,-0.0616541,-0.773958
0.0390977,-0.0616541,-0.773958
0.0406015,-0.0601504,-0.773958
-0.0368421,-0.0586466,-0.773958
-0.032782,-0.0572932,-0.773958
-0.0270677,-0.0578947,-0.773958
0.0379699,-0.056015,-0.773958
0.041203,-0.0568421,-0.773958
-0.0323308,-0.0541353,-0.773958
-0.0285714,-0.0533835,-0.773958
0.0336842,-0.0523308,-0.773958
0.037594,-0.0526316,-0.773958
0.0419173,-0.0524436,-0.773958
-0.0230576,-0.045614,-0.773958
0.0342857,-0.0478195,-0.773958
0.037594,-0.0492481,-0.773958
0.0427068,-0.0487218,-0.773958
0.0451128,-0.0451128,-0.773958
-0.0233083,-0.0421053,-0.773958
-0.0233083,-0.0390977,-0.773958
-0.0360902,-0.0255639,-0.773958
-0.0345865,-0.0255639,-0.773958
-0.037218,-0.0236842,-0.773958
-0.0345865,-0.0240602,-0.773958
-0.0268657,-0.0701493,-0.768182
0.0238806,-0.0701493,-0.768182
0.0276119,-0.0706468,-0.768182
-0.0313433,-0.0664179,-0.768182
-0.0276119,-0.0671642,-0.768182
-0.0238806,-0.0671642,-0.768182
0.0228856,-0.0666667,-0.768182
0.0276119,-0.0671642,-0.768182
0.0324094,-0.066951,-0.768182
-0.0313433,-0.0626866,-0.768182
-0.0276119,-0.0626866,-0.768182
-0.0233831,-0.0636816,-0.768182
0.019403,-0.0641791,-0.768182
0.0223881,-0.0634328,-0.768182
0.0278155,-0.0628223,-0.768182
0.0328358,-0.0626866,-0.768182
0.0364179,-0.0623881,-0.768182
-0.0287313,-0.0576493,-0.768182
0.0293532,-0.0579602,-0.768182
0.0328358,-0.0574627,-0.768182
0.036887,-0.0582089,-0.768182
-0.0298507,-0.0522388,-0.768182
0.0298507,-0.0537313,-0.768182
0.0320896,-0.0526119,-0.768182
0.0323383,-0.0477612,-0.768182
0.0373134,-0.0470149,-0.768182
0.0410448,-0.0470149,-0.768182
0.0339552,-0.0425373,-0.768182
0.0371777,-0.0427408,-0.768182
0.0425373,-0.0425373,-0.768182
-0.0238806,-0.0365672,-0.768182
0.036194,-0.0376866,-0.768182
0.0437811,-0.0383085,-0.768182
-0.041791,-0.0212687,-0.768182
-0.0376119,-0.0214925,-0.768182
-0.0343284,-0.0223881,-0.768182
-0.0419776,-0.018097,-0.768182
-0.0376866,-0.0190299,-0.768182
-0.0111111,-0.0755556,-0.762492
-0.00740741,-0.0755556,-0.762492
-0.00444444,-0.0755556,-0.762492
0.00740741,-0.0755556,-0.762492
0.0125926,-0.0755556,-0.762492
-0.0251852,-0.0711111,-0.762492
-0.0219259,-0.0717037,-0.762492
-0.0175926,-0.0724074,-0.762492
-0.0125926,-0.0725926,-0.762492
-0.00740741,-0.0725926,-0.762492
-0.00444444,-0.0725926,-0.762492
0.00740741,-0.0725926,-0.762492
0.0125926,-0.0725926,-0.762492
0.0177778,-0.0725926,-0.762492
0.0220106,-0.0721693,-0.762492
0.0251852,-0.0711111,-0.762492
-0.0251852,-0.0696296,-0.762492
-0.0217284,-0.0676543,-0.762492
-0.0177778,-0.0674074,-0.762492
-0.0128042,-0.0677249,-0.762492
-0.00759259,-0.0683333,-0.762492
-0.00444444,-0.0681481,-0.762492
0.00773663,-0.0679835,-0.762492
0.0125926,-0.0681481,-0.762492
0.0177778,-0.0678518,-0.762492
0.0213333,-0.0684444,-0.762492
-0.0207407,-0.062963,-0.762492
-0.017963,-0.0624074,-0.762492
-0.0148148,-0.0637037,-0.762492
0.0192593,-0.0614815,-0.762492
0.0222222,-0.0607407,-0.762492
0.0251852,-0.0607407,-0.762492
0.0222222,-0.0592593,-0.762492
0.0266667,-0.0581481,-0.762492
0.0288889,-0.0525926,-0.762492
0.0296296,-0.0488889,-0.762492
0.0311111,-0.0466667,-0.762492
0.0320988,-0.042963,-0.762492
0.0337037,-0.0377778,-0.762492
0.037037,-0.0362963,-0.762492
0.0427161,-0.0365432,-0.762492
0.0359259,-0.032963,-0.762492
0.042963,-0.0340741,-0.762492
-0.022963,-0.0274074,-0.762492
-0.0372839,-0.0167901,-0.762492
-0.0422222,-0.0125926,-0.762492
-0.0380741,-0.0136296,-0.762492
-0.00220588,-0.0720588,-0.756885
0.00220588,-0.0720588,-0.756885
-0.00588235,-0.0661765,-0.756885
-0.00220588,-0.0676471,-0.756885
0.00220588,-0.0676471,-0.756885
0.00588235,-0.0661765,-0.756885
-0.0161765,-0.0602941,-0.756885
-0.0110294,-0.0639706,-0.756885
-0.00735294,-0.0639706,-0.756885
-0.00235294,-0.0635294,-0.756885
0,-0.0647059,-0.756885
0.00833333,-0.0632353,-0.756885
0.0125,-0.0635294,-0.756885
0.0168067,-0.0621849,-0.756885
-0.0205882,-0.0566176,-0.756885
-0.0178309,-0.0571691,-0.756885
-0.0147059,-0.0558824,-0.756885
0.01875,-0.0577206,-0.756885
0.0220588,-0.0566176,-0.756885
0.0254902,-0.0563725,-0.756885
-0.0205882,-0.0544118,-0.756885
-0.0183824,-0.0536765,-0.756885
0.0191176,-0.0544118,-0.756885
0.0216387,-0.0531513,-0.756885
0.0264706,-0.0533088,-0.756885
0.0286765,-0.0477941,-0.756885
0.0294118,-0.0441176,-0.756885
0.0308824,-0.0419118,-0.756885
-0.0220588,-0.0352941,-0.756885
0.0319853,-0.0375,-0.756885
-0.0227941,-0.0323529,-0.756885
0.0338235,-0.0323529,-0.756885
0.0382353,-0.0316176,-0.756885
0.0426471,-0.0319328,-0.756885
-0.0235294,-0.0294118,-0.756885
0.0356618,-0.0283088,-0.756885
0.0431373,-0.0289216,-0.756885
-0.0370098,-0.0107843,-0.756885
-0.0419118,-0.00735294,-0.756885
-0.0375,-0.00735294,-0.756885
-0.0419118,-0.00367647,-0.756885
-0.0389706,-0.00441176,-0.756885
-0.010219,-0.0613139,-0.751361
-0.00729927,-0.0613139,-0.751361
-0.00364964,-0.0624088,-0.751361
0.00218978,-0.0627737,-0.751361
0.00729927,-0.0620438,-0.751361
0.0124088,-0.0613139,-0.751361
-0.010219,-0.0591241,-0.751361
-0.0080292,-0.0591241,-0.751361
-0.00243309,-0.0593674,-0.751361
0.00839416,-0.0587591,-0.751361
0.0124088,-0.0583942,-0.751361
0.0167883,-0.0569343,-0.751361
-0.0169343,-0.0519708,-0.751361
-0.0145985,-0.0540146,-0.751361
0.0189781,-0.0518248,-0.751361
0.0240876,-0.0518248,-0.751361
0.0262774,-0.0510949,-0.751361
-0.0182482,-0.049635,-0.751361
-0.0131387,-0.0452555,-0.751361
0.0223358,-0.0481752,-0.751361
0.0268613,-0.0472993,-0.751361
0.0287105,-0.0423358,-0.751361
0.0291971,-0.0394161,-0.751361
0.0306569,-0.0364964,-0.751361
0.0321168,-0.0321168,-0.751361
0.0335766,-0.0277372,-0.751361
0.0374696,-0.026764,-0.751361
0.0420925,-0.0272506,-0.751361
-0.0239416,-0.0216058,-0.751361
0.0362044,-0.0239416,-0.751361
0.0423358,-0.0248175,-0.751361
-0.0243309,-0.0184915,-0.751361
-0.0416058,-0.00145985,-0.751361
-0.0369343,-0.00262774,-0.751361
-0.0415016,0.00187696,-0.751361
-0.0372263,0.000729927,-0.751361
0.00434783,-0.0608696,-0.745916
0.0057971,-0.0623188,-0.745916
-0.0101449,-0.0557971,-0.745916
-0.00688406,-0.0565217,-0.745916
-0.00289855,-0.0568841,-0.745916
0.00202899,-0.0573913,-0.745916
0.00700483,-0.0570048,-0.745916
0.0123188,-0.0550725,-0.745916
0.015942,-0.0550725,-0.745916
-0.0101449,-0.0536232,-0.745916
-0.00797101,-0.0536232,-0.745916
-0.00241546,-0.0531401,-0.745916
0.00869565,-0.0521739,-0.745916
0.0123188,-0.0521739,-0.745916
0.0166667,-0.0521739,-0.745916
-0.0171843,-0.047412,-0.745916
-0.0144928,-0.0478261,-0.745916
0.0127536,-0.0489855,-0.745916
0.0175725,-0.0480072,-0.745916
0.0231884,-0.0468599,-0.745916
-0.0176812,-0.0430435,-0.745916
-0.0144928,-0.0442029,-0.745916
0.0188406,-0.0434783,-0.745916
0.0225121,-0.0426087,-0.745916
0.0266667,-0.0426087,-0.745916
0.0217391,-0.0391304,-0.745916
0.0285024,-0.0376812,-0.745916
0.0289855,-0.0347826,-0.745916
0.0304348,-0.0318841,-0.745916
0.0318841,-0.0275362,-0.745916
-0.021256,-0.0229469,-0.745916
0.0336957,-0.0224638,-0.745916
0.0362319,-0.0217391,-0.745916
0.042029,-0.0222222,-0.745916
-0.0231884,-0.017029,-0.745916
0.0347826,-0.0181159,-0.745916
0.0442029,-0.0173913,-0.745916
-0.0238095,-0.0126294,-0.745916
-0.0231884,-0.00869565,-0.745916
-0.042029,0.00434783,-0.745916
-0.0376812,0.00362319,-0.745916
-0.0347826,0.00289855,-0.745916
0.0057554,-0.0561151,-0.74055
-0.0100719,-0.0510791,-0.74055
-0.00719424,-0.0515587,-0.74055
-0.0028777,-0.0520863,-0.74055
0.00191847,-0.0525979,-0.74055
0.00719424,-0.052518,-0.74055
-0.0100719,-0.0489209,-0.74055
-0.00791367,-0.0489209,-0.74055
-0.00215827,-0.0482014,-0.74055
0.00863309,-0.0482014,-0.74055
0.0119219,-0.0466598,-0.74055
0.0158273,-0.0460432,-0.74055
-0.0158273,-0.0410072,-0.74055
-0.0143885,-0.0410072,-0.74055
0.0129496,-0.0446043,-0.74055
0.0170264,-0.0429257,-0.74055
0.0258993,-0.0402878,-0.74055
-0.0172662,-0.0381295,-0.74055
-0.0143885,-0.0374101,-0.74055
0.018705,-0.0388489,-0.74055
0.0223676,-0.0372793,-0.74055
0.0266187,-0.0374101,-0.74055
-0.0140288,-0.0330935,-0.74055
0.0284173,-0.0323741,-0.74055
0.0302158,-0.0273381,-0.74055
0.0320144,-0.0223022,-0.74055
0.0417266,-0.0201439,-0.74055
0.0335731,-0.0172662,-0.74055
0.0369305,-0.0167866,-0.74055
0.0413155,-0.0170606,-0.74055
-0.0244604,-0.0100719,-0.74055
0.0345324,-0.0136691,-0.74055
0.0368705,-0.0127698,-0.74055
0.042566,-0.0128297,-0.74055
-0.0238849,-0.00690647,-0.74055
0.0359712,-0.00863309,-0.74055
-0.0244604,-0.00431655,-0.74055
-0.0417266,0.00719424,-0.74055
-0.0374101,0.00647482,-0.74055
-0.042446,0.0100719,-0.74055
-0.00428571,-0.0514286,-0.73526
0.00428571,-0.0514286,-0.73526
0.00571429,-0.0528571,-0.73526
-0.00742857,-0.047,-0.73526
-0.00357143,-0.0471429,-0.73526
0.00228571,-0.0477143,-0.73526
0.00693878,-0.0479592,-0.73526
-0.0114286,-0.0428571,-0.73526
-0.00897959,-0.0430612,-0.73526
-0.00228571,-0.0431429,-0.73526
0.00142857,-0.0442857,-0.73526
0.00785714,-0.0435714,-0.73526
0.0119048,-0.042381,-0.73526
0.0157143,-0.0414286,-0.73526
-0.0171429,-0.0357143,-0.73526
-0.00285714,-0.0392857,-0.73526
0.0135714,-0.04,-0.73526
0.0171429,-0.0381633,-0.73526
0.0257143,-0.0357143,-0.73526
-0.0171429,-0.0328571,-0.73526
-0.0128571,-0.0314286,-0.73526
0.0185714,-0.0335714,-0.73526
0.0221429,-0.0328571,-0.73526
0.0264286,-0.0328571,-0.73526
-0.0171429,-0.0292857,-0.73526
-0.0135714,-0.0292857,-0.73526
0.0282143,-0.0278571,-0.73526
0.03,-0.0228571,-0.73526
0.0317857,-0.0178571,-0.73526
0.0333333,-0.0128571,-0.73526
0.0428571,-0.0114286,-0.73526
0.0342857,-0.00928571,-0.73526
0.0365714,-0.00771429,-0.73526
0.0428571,-0.00809524,-0.73526
-0.0232143,-0.00285714,-0.73526
0.0357143,-0.00428571,-0.73526
-0.0228571,0,-0.73526
-0.0371429,0.00857143,-0.73526
-0.0421429,0.0128571,-0.73526
-0.0378571,0.0121429,-0.73526
-0.0421429,0.0164286,-0.73526
-0.0392857,0.0157143,-0.73526
0.00567376,-0.0460993,-0.730045
-0.00624113,-0.0422695,-0.730045
-0.0035461,-0.0421986,-0.730045
0.00236407,-0.0420804,-0.730045
0.00652482,-0.0419858,-0.730045
-0.0113475,-0.0382979,-0.730045
-0.00839243,-0.0379433,-0.730045
-0.00283688,-0.0380615,-0.730045
0.00141844,-0.0393617,-0.730045
0.00904255,-0.0381206,-0.730045
0.0126241,-0.0371631,-0.730045
0.0160757,-0.0359338,-0.730045
0.0132388,-0.0330969,-0.730045
0.016616,-0.0324215,-0.730045
0.0255319,-0.0312057,-0.730045
-0.0170213,-0.0262411,-0.730045
-0.0134752,-0.0262411,-0.730045
0.0141844,-0.0297872,-0.730045
0.0189716,-0.0281915,-0.730045
0.022695,-0.0283688,-0.730045
0.026383,-0.0278014,-0.730045
-0.0161702,-0.0229787,-0.730045
-0.0134752,-0.022695,-0.730045
0.0283688,-0.022695,-0.730045
-0.0212766,-0.0156028,-0.730045
-0.0173365,-0.0174941,-0.730045
-0.0138298,-0.0187943,-0.730045
0.0297872,-0.0184397,-0.730045
0.0312057,-0.0156028,-0.730045
-0.0212766,-0.0141844,-0.730045
-0.0193853,-0.0137116,-0.730045
0.0316785,-0.012766,-0.730045
0.0333333,-0.00780142,-0.730045
0.0368794,-0.00567376,-0.730045
0.041844,-0.00567376,-0.730045
-0.0241135,-0.00141844,-0.730045
0.0340426,-0.00425532,-0.730045
0.0368794,-0.00312057,-0.730045
0.0427896,-0.00330969,-0.730045
-0.0236407,0.00212766,-0.730045
0.035461,0,-0.730045
-0.041844,0.0191489,-0.730045
-0.037386,0.0180344,-0.730045
-0.041844,0.022695,-0.730045
-0.0375887,0.0212766,-0.730045
-0.0112676,-0.0352113,-0.724904
-0.00598592,-0.0362676,-0.724904
-0.0028169,-0.0359155,-0.724904
0.00234742,-0.0367371,-0.724904
0.00663984,-0.0370221,-0.724904
-0.0112676,-0.0323944,-0.724904
-0.00774648,-0.0323944,-0.724904
-0.00321932,-0.0325956,-0.724904
0.00140845,-0.0338028,-0.724904
0.00929577,-0.0326761,-0.724904
0.0117371,-0.0314554,-0.724904
-0.0112676,-0.0295775,-0.724904
-0.0084507,-0.0295775,-0.724904
0.0126761,-0.0288732,-0.724904
0.0166197,-0.0276056,-0.724904
0.0225352,-0.0253521,-0.724904
0.0253521,-0.0260563,-0.724904
-0.0179577,-0.0221831,-0.724904
0.0193662,-0.0228873,-0.724904
0.0225352,-0.0225352,-0.724904
0.0261972,-0.0228169,-0.724904
-0.0185446,-0.0183099,-0.724904
0.0197183,-0.0197183,-0.724904
0.0225352,-0.0197183,-0.724904
0.0285211,-0.0176056,-0.724904
-0.0140845,-0.0140845,-0.724904
0.0295775,-0.0133803,-0.724904
0.0309859,-0.0112676,-0.724904
0.0316901,-0.00774648,-0.724904
0.0333333,-0.0028169,-0.724904
0.0366197,-0.00140845,-0.724904
0.0422535,-0.00211268,-0.724904
0.0338028,0,-0.724904
0.036385,0.00187793,-0.724904
0.0424883,0.000938967,-0.724904
-0.0253521,0.00633803,-0.724904
-0.0239437,0.0056338,-0.724904
-0.0373239,0.0232394,-0.724904
-0.0415493,0.0274648,-0.724904
-0.0373239,0.0267606,-0.724904
-0.0408451,0.0309859,-0.724904
-0.0013986,-0.0314685,-0.719835
0.00195804,-0.0321678,-0.719835
0.00659341,-0.0325674,-0.719835
-0.0111888,-0.0265734,-0.719835
-0.00788303,-0.0269549,-0.719835
-0.00297203,-0.0281469,-0.719835
0.0013986,-0.0293706,-0.719835
0.00919081,-0.0275724,-0.719835
0.0123876,-0.0261738,-0.719835
0.0158508,-0.025641,-0.719835
-0.0111888,-0.0237762,-0.719835
-0.00839161,-0.0237762,-0.719835
0.013986,-0.0237762,-0.719835
0.0170163,-0.0223776,-0.719835
0.0251748,-0.020979,-0.719835
0.0183372,-0.0175602,-0.719835
0.0223776,-0.0167832,-0.719835
0.026049,-0.0174825,-0.719835
-0.016317,-0.0135198,-0.719835
-0.013986,-0.0118881,-0.719835
0.0195804,-0.013986,-0.719835
0.022028,-0.0136364,-0.719835
0.0284382,-0.0125874,-0.719835
-0.020979,-0.00559441,-0.719835
-0.0165035,-0.00811189,-0.719835
-0.013986,-0.00839161,-0.719835
0.0293706,-0.00909091,-0.719835
0.0307692,-0.00629371,-0.719835
0.0317016,-0.0027972,-0.719835
0.0332168,0.0020979,-0.719835
0.0363636,0.0034965,-0.719835
0.0417249,0.0032634,-0.719835
-0.0251748,0.00909091,-0.719835
-0.0232168,0.00867133,-0.719835
0.034965,0.00699301,-0.719835
0.0363636,0.00559441,-0.719835
0.043007,0.00699301,-0.719835
-0.0251748,0.0125874,-0.719835
-0.0232168,0.0123077,-0.719835
-0.0251748,0.0153846,-0.719835
-0.0237762,0.0153846,-0.719835
-0.0377622,0.0293706,-0.719835
-0.034965,0.0293706,-0.719835
-0.041958,0.0307692,-0.719835
-0.0377622,0.0307692,-0.719835
0.00416667,-0.0305556,-0.714836
0.00555556,-0.0305556,-0.714836
-0.00555556,-0.0263889,-0.714836
-0.00138889,-0.0263889,-0.714836
0.00231481,-0.0273148,-0.714836
0.00659722,-0.028125,-0.714836
-0.0111111,-0.0208333,-0.714836
-0.00777778,-0.0225,-0.714836
-0.00295139,-0.0237847,-0.714836
0.00138889,-0.025,-0.714836
0.00848765,-0.0229938,-0.714836
0.0123264,-0.0220486,-0.714836
0.0152778,-0.0215278,-0.714836
-0.0115741,-0.0168981,-0.714836
-0.0087963,-0.0175926,-0.714836
0.0134259,-0.0189815,-0.714836
0.0159722,-0.0173611,-0.714836
0.0263889,-0.0152778,-0.714836
-0.0163194,-0.0114583,-0.714836
-0.0121528,-0.0128472,-0.714836
0.018287,-0.0125,-0.714836
0.0225,-0.0116667,-0.714836
0.0259921,-0.0123016,-0.714836
-0.0182292,-0.00815972,-0.714836
0.0194444,-0.00972222,-0.714836
0.0222222,-0.00972222,-0.714836
0.0284722,-0.00763889,-0.714836
0.0291667,-0.00416667,-0.714836
0.0305556,-0.00208333,-0.714836
-0.0138889,0.00208333,-0.714836
0.0315972,0.00208333,-0.714836
0.0336806,0.00763889,-0.714836
0.0364583,0.00868056,-0.714836
0.0418056,0.00819444,-0.714836
0.0347222,0.0118056,-0.714836
0.0366667,0.0122222,-0.714836
0.0427469,0.0121914,-0.714836
-0.025,0.0166667,-0.714836
0.0361111,0.0159722,-0.714836
0.0444444,0.0152778,-0.714836
-0.0416667,0.0333333,-0.714836
-0.0376736,0.0326389,-0.714836
-0.0423611,0.0361111,-0.714836
0.00551724,-0.0268966,-0.709906
-0.00551724,-0.0213793,-0.709906
-0.00241379,-0.0210345,-0.709906
0.00222812,-0.0222812,-0.709906
0.00597701,-0.0222989,-0.709906
-0.00619273,-0.0172052,-0.708285
-0.00274917,-0.0171871,-0.707475
0.00205834,-0.0171564,-0.706259
0.00756023,-0.0171776,-0.707171
0.0120989,-0.0166934,-0.709366
0.0151724,-0.0158621,-0.709906
-0.00804794,-0.0121575,-0.705044
-0.00239726,-0.0126712,-0.705044
0.0086758,-0.0127854,-0.705044
0.0123288,-0.0123288,-0.705044
0.0156599,-0.0120907,-0.706989
-0.0109589,-0.00958904,-0.705044
-0.00890411,-0.00958904,-0.705044
0.00958904,-0.00958904,-0.705044
0.0126712,-0.00924657,-0.705044
0.0173949,-0.00777988,-0.706665
0.0229178,-0.00710875,-0.709906
0.0266068,-0.00711227,-0.708285
-0.0167186,-0.00229255,-0.707475
-0.0137931,-0.00137931,-0.709906
0.0186566,-0.00301937,-0.706016
0.0226027,-0.00273973,-0.705044
0.0274809,-0.00274782,-0.707128
-0.0205479,0.00273973,-0.705044
-0.0173862,0.00205952,-0.706665
-0.0137931,0,-0.709906
0.0191781,0,-0.705044
0.0215753,0.000342466,-0.705044
0.0285328,0.00164384,-0.706016
0.0303448,0.00275862,-0.709906
-0.0208904,0.00650685,-0.705044
-0.0191781,0.00616438,-0.705044
0.0312742,0.00756023,-0.707475
0.0327633,0.0123713,-0.707475
0.0372414,0.0137931,-0.709906
0.0427586,0.0137931,-0.709906
-0.0232759,0.0181034,-0.709906
0.0338687,0.0167029,-0.706665
0.0367391,0.0176791,-0.709096
0.0425542,0.0173943,-0.70858
-0.0235737,0.0225705,-0.709906
0.0342466,0.0205479,-0.705044
0.03663,0.0221337,-0.705738
0.0426614,0.0215264,-0.705044
-0.0244402,0.0271918,-0.708691
-0.0365517,0.0344828,-0.709906
-0.0228311,0.0305936,-0.705044
-0.042069,0.037931,-0.709906
-0.037931,0.0372414,-0.709906
-0.0419969,0.0419934,-0.708691
-0.0377362,0.0418493,-0.706259
0.0369863,0.0438356,-0.705044
-0.0424658,0.0458904,-0.705044
-0.0390411,0.0452055,-0.705044
-0.0275342,0.0476712,-0.705044
-0.0232877,0.0479452,-0.705044
-0.0278539,0.0511416,-0.705044
-0.0150685,0.0842466,-0.705044
-0.00544218,-0.0129252,-0.700248
-0.0029932,-0.0119728,-0.700248
0.00204082,-0.0122449,-0.700248
0.00653061,-0.0119728,-0.700248
-0.0113379,-0.00680272,-0.700248
-0.00731293,-0.0079932,-0.700248
-0.00272109,-0.00855199,-0.700248
0,-0.00952381,-0.700248
0.00884354,-0.00748299,-0.700248
0.0126531,-0.00653061,-0.700248
0.0163265,-0.00544218,-0.700248
-0.0122449,-0.00408163,-0.700248
0.01678,-0.00272109,-0.700248
0.0258503,-0.00136054,-0.700248
0.0185034,0.00190476,-0.700248
0.022585,0.00231293,-0.700248
0.0266667,0.00190476,-0.700248
-0.0176871,0.00612245,-0.700248
-0.0146259,0.0085034,-0.700248
0.0204082,0.00544218,-0.700248
0.0289116,0.00748299,-0.700248
-0.014059,0.0124717,-0.700248
0.029932,0.0115646,-0.700248
0.0312925,0.0142857,-0.700248
-0.0136054,0.0163265,-0.700248
0.0321995,0.0176871,-0.700248
0.0336735,0.022449,-0.700248
0.0367347,0.0238095,-0.700248
0.0419048,0.0239456,-0.700248
-0.022449,0.0285714,-0.700248
0.0357143,0.0268707,-0.700248
0.0426304,0.0263039,-0.700248
0.0367347,0.0387755,-0.700248
-0.0367347,0.044898,-0.700248
0.0367347,0.0414966,-0.700248
-0.0244898,0.0489796,-0.700248
-0.0272109,0.0530612,-0.700248
-0.0226757,0.0518519,-0.700248
-0.0244898,0.0557823,-0.700248
-0.0380952,0.0680272,-0.700248
-0.0380952,0.0721088,-0.700248
-0.0163265,0.0836735,-0.700248
0.00540541,-0.0108108,-0.695516
-0.0108108,-0.00540541,-0.695516
-0.0072973,-0.00567568,-0.695516
-0.00236487,-0.00574324,-0.695516
0.00202703,-0.00743243,-0.695516
0.00675676,-0.00743243,-0.695516
-0.0113514,-0.00243243,-0.695516
-0.00733591,-0.0030888,-0.695516
-0.0027027,-0.00337838,-0.695516
0,-0.00405405,-0.695516
0.00827703,-0.00287162,-0.695516
0.012973,-0.00297297,-0.695516
0.0162162,-0.00135135,-0.695516
-0.00540541,0,-0.695516
0.00810811,0,-0.695516
0.0168919,0.00202703,-0.695516
0.0236486,0.00405405,-0.695516
0.0256757,0.00337838,-0.695516
-0.0171171,0.00855856,-0.695516
0.0186486,0.00702703,-0.695516
0.0222973,0.0070946,-0.695516
0.0268018,0.00698198,-0.695516
-0.0175676,0.0108108,-0.695516
0.0202703,0.0108108,-0.695516
0.0290541,0.0128378,-0.695516
-0.0135135,0.0182432,-0.695516
0.0297297,0.0162162,-0.695516
0.0310811,0.0182432,-0.695516
-0.0135135,0.0202703,-0.695516
0.0320946,0.0222973,-0.695516
0.0337838,0.027027,-0.695516
0.0361486,0.0287162,-0.695516
0.0412162,0.0287162,-0.695516
0.0351351,0.0324324,-0.695516
0.0445946,0.0331081,-0.695516
0.0351351,0.0371622,-0.695516
0.0337838,0.0432432,-0.695516
0.0351351,0.0418919,-0.695516
-0.0256757,0.0527027,-0.695516
-0.0212838,0.0530405,-0.695516
-0.022973,0.0567568,-0.695516
-0.0410811,0.0632432,-0.695516
-0.0382239,0.0635135,-0.695516
-0.0366554,0.0673987,-0.695516
-0.0333333,0.0684685,-0.695516
-0.0358108,0.0722973,-0.695516
-0.0325553,0.0724816,-0.695516
-0.035473,0.0766892,-0.695516
-0.0328829,0.0765766,-0.695516
0.00402685,-0.00536913,-0.690848
0.00536913,-0.00671141,-0.690848
-0.00751678,-0.00214765,-0.690848
-0.00134228,-0.00134228,-0.690848
0.00201342,-0.00302013,-0.690848
0.00604027,-0.00268456,-0.690848
0.0120805,-0.00134228,-0.690848
-0.0114094,0.00201342,-0.690848
-0.00786194,0.00134228,-0.690848
-0.00295302,0.000536913,-0.690848
0.00805369,0.00111857,-0.690848
0.0129754,0.000894855,-0.690848
0.0161074,0.0033557,-0.690848
-0.0114094,0.00536913,-0.690848
0.0170022,0.00671141,-0.690848
0.0228188,0.00939597,-0.690848
0.0259508,0.00894855,-0.690848
-0.0201342,0.0127517,-0.690848
-0.0176174,0.013255,-0.690848
0.0187919,0.0114094,-0.690848
0.0214765,0.0120805,-0.690848
0.0275168,0.0127517,-0.690848
-0.0201342,0.0167785,-0.690848
-0.0187919,0.0161074,-0.690848
0.0201342,0.0161074,-0.690848
0.0290828,0.0174497,-0.690848
-0.0134228,0.0228188,-0.690848
0.0295302,0.0201342,-0.690848
0.0308725,0.0228188,-0.690848
0.0325503,0.0275168,-0.690848
0.033557,0.0315436,-0.690848
0.036689,0.0333333,-0.690848
0.041419,0.0339406,-0.690848
0.033557,0.038255,-0.690848
0.0362416,0.0362416,-0.690848
0.0442953,0.0362416,-0.690848
0.033557,0.0409396,-0.690848
-0.0402685,0.0530201,-0.690848
-0.0379195,0.0533557,-0.690848
-0.0414887,0.05723,-0.690848
-0.0375839,0.057047,-0.690848
-0.021745,0.057047,-0.690848
0.0371365,0.0568233,-0.690848
0.0434004,0.0572707,-0.690848
-0.0416107,0.0604027,-0.690848
-0.0389262,0.0604027,-0.690848
-0.0219239,0.0608501,-0.690848
-0.0295302,0.0738255,-0.690848
-0.0319463,0.0781208,-0.690848
-0.0295302,0.0751678,-0.690848
0.0241611,0.0791946,-0.690848
0.0255034,0.0791946,-0.690848
0.00266667,-0.00133333,-0.686243
0.00533333,-0.002,-0.686243
-0.00716667,0.00283333,-0.686243
-0.00222222,0.00311111,-0.686243
0.00186667,0.00186667,-0.686243
0.007,0.00266667,-0.686243
0.012381,0.00342857,-0.686243
-0.007,0.00566667,-0.686243
-0.00266667,0.00533333,-0.686243
0.00819048,0.00628571,-0.686243
0.0128,0.0072,-0.686243
0.0163333,0.00833333,-0.686243
0.0175556,0.0124444,-0.686243
0.0228333,0.0135,-0.686243
0.0257778,0.0131111,-0.686243
-0.0182222,0.0177778,-0.686243
0.0186667,0.0166667,-0.686243
0.0216,0.0168,-0.686243
0.0275556,0.0173333,-0.686243
-0.0173333,0.02,-0.686243
-0.0146667,0.0233333,-0.686243
0.029,0.022,-0.686243
0.031,0.0273333,-0.686243
0.0324444,0.0331111,-0.686243
0.0323333,0.037,-0.686243
0.0373333,0.0373333,-0.686243
0.0413333,0.0373333,-0.686243
0.0293333,0.044,-0.686243
0.0314667,0.0416,-0.686243
0.0373333,0.04,-0.686243
0.0413333,0.04,-0.686243
0.0293333,0.0466667,-0.686243
0.0366667,0.0493333,-0.686243
0.042,0.0493333,-0.686243
-0.0366667,0.052,-0.686243
0.0371852,0.0521482,-0.686243
0.0424,0.0518667,-0.686243
0.044,0.056,-0.686243
-0.0373333,0.06,-0.686243
-0.0213333,0.0626667,-0.686243
-0.0193333,0.0633333,-0.686243
-0.0186667,0.0666667,-0.686243
0.0341333,0.0682667,-0.686243
0.036,0.068,-0.686243
-0.028,0.0746667,-0.686243
-0.0306667,0.0786667,-0.686243
-0.0286667,0.0773333,-0.686243
-0.0312,0.0810667,-0.686243
-0.0293333,0.08,-0.686243
0.0253333,0.08,-0.686243
0.00397351,0.00397351,-0.681698
0.00529801,0.00397351,-0.681698
-0.0112583,0.00860927,-0.681698
-0.00739514,0.00783664,-0.681698
-0.00264901,0.00794702,-0.681698
0.00149007,0.00612583,-0.681698
0.00728477,0.00816777,-0.681698
0.010596,0.00927152,-0.681698
-0.0112583,0.010596,-0.681698
-0.00794702,0.0109272,-0.681698
-0.00264901,0.010596,-0.681698
0.00927152,0.0112583,-0.681698
0.0128666,0.0111637,-0.681698
0.0163355,0.013245,-0.681698
-0.0172185,0.0198676,-0.681698
0.018543,0.0181015,-0.681698
0.0225166,0.0178808,-0.681698
0.0259603,0.0177483,-0.681698
-0.0172185,0.0223273,-0.681698
0.0198676,0.0211921,-0.681698
0.0278146,0.0225166,-0.681698
-0.0192053,0.0264901,-0.681698
0.0291391,0.0264901,-0.681698
0.0304636,0.0291391,-0.681698
0.0304636,0.0311258,-0.681698
0.0304636,0.0384106,-0.681698
0.0278146,0.0437086,-0.681698
0.0410596,0.0470199,-0.681698
0.0317881,0.0688742,-0.681698
0.0327342,0.0707663,-0.681698
0.0362031,0.0710817,-0.681698
-0.0268212,0.0784768,-0.681698
-0.0278146,0.0821192,-0.681698
0.00246711,0.00838816,-0.677213
0.00526316,0.00789474,-0.677213
-0.0111842,0.0131579,-0.677213
-0.00789474,0.0131579,-0.677213
-0.00131579,0.0125,-0.677213
0.00179426,0.0117225,-0.677213
0.00741627,0.0125598,-0.677213
0.0122807,0.0135965,-0.677213
0.0157895,0.0144737,-0.677213
-0.0111842,0.0164474,-0.677213
-0.00811403,0.016886,-0.677213
-0.00307018,0.0182018,-0.677213
0.00842105,0.0168421,-0.677213
0.0123684,0.0160526,-0.677213
0.0171053,0.0181579,-0.677213
0.0223684,0.0197368,-0.677213
0.025,0.0190789,-0.677213
-0.0184211,0.0230263,-0.677213
-0.00263158,0.0223684,-0.677213
0.0190789,0.0223684,-0.677213
0.0223684,0.0223684,-0.677213
0.0256579,0.0223684,-0.677213
-0.0177632,0.0256579,-0.677213
-0.0131579,0.0269737,-0.677213
-0.00263158,0.0269737,-0.677213
0.0197368,0.0256579,-0.677213
0.0230263,0.025,-0.677213
0.0273684,0.0265789,-0.677213
-0.00219298,0.0307018,-0.677213
0.0289474,0.0322368,-0.677213
0.0302632,0.0335526,-0.677213
-0.0278947,0.0373684,-0.677213
0.0286842,0.0378947,-0.677213
0.0302632,0.0355263,-0.677213
0.0282895,0.0427632,-0.677213
0.0276316,0.0473684,-0.677213
0.025,0.0572368,-0.677213
0.0289474,0.0697368,-0.677213
0.0289474,0.0723684,-0.677213
0.0320175,0.072807,-0.677213
0.0325658,0.0753289,-0.677213
-0.0267544,0.0837719,-0.677213
-0.0236842,0.0828947,-0.677213
-0.027193,0.0859649,-0.677213
-0.0236842,0.0855263,-0.677213
-0.00653595,0.0130719,-0.672787
-0.00392157,0.0130719,-0.672787
0.00235294,0.0141176,-0.672787
0.00522876,0.0124183,-0.672787
-0.0111111,0.0189542,-0.672787
-0.00784314,0.0183007,-0.672787
-0.00130719,0.0183007,-0.672787
0.00112045,0.01662,-0.672787
0.00784314,0.0180392,-0.672787
0.0124777,0.0184195,-0.672787
0.0156863,0.0183007,-0.672787
-0.0104575,0.020915,-0.672787
-0.00849673,0.020915,-0.672787
0.00882353,0.0218954,-0.672787
0.0124183,0.0215686,-0.672787
0.0172549,0.0224837,-0.672787
0.020915,0.0248366,-0.672787
0.0261438,0.0248366,-0.672787
-0.00130719,0.0287582,-0.672787
0.0196078,0.027451,-0.672787
0.0228758,0.027451,-0.672787
0.0265795,0.027451,-0.672787
0.0248366,0.0300654,-0.672787
0.027451,0.030719,-0.672787
-0.0300654,0.0366013,-0.672787
-0.0261438,0.0392157,-0.672787
-0.0248366,0.0385621,-0.672787
0.0267974,0.0379085,-0.672787
-0.0261438,0.0405229,-0.672787
-0.0248366,0.0411765,-0.672787
0.0248366,0.0457516,-0.672787
0.0235294,0.0542484,-0.672787
0.0235294,0.0562092,-0.672787
0.027451,0.069281,-0.672787
0.0277124,0.0729412,-0.672787
0.0300654,0.0745098,-0.672787
0.0300654,0.0764706,-0.672787
-0.0248366,0.0849673,-0.672787
-0.0261438,0.0869281,-0.672787
-0.0248366,0.0869281,-0.672787
0.00519481,0.0142857,-0.668418
0.0025974,0.0183261,-0.668418
0.00571429,0.0176623,-0.668418
-0.0103896,0.0227273,-0.668418
-0.00705009,0.02282,-0.668418
-0.00233766,0.0228571,-0.668418
0.00103896,0.0212987,-0.668418
0.00746753,0.0227273,-0.668418
0.0120594,0.0239332,-0.668418
0.0161039,0.0236364,-0.668418
-0.00519481,0.0281385,-0.668418
-0.0038961,0.0285714,-0.668418
0.0186147,0.0272727,-0.668418
0.0233766,0.0298701,-0.668418
0.025974,0.0292208,-0.668418
-0.0233766,0.0337662,-0.668418
-0.0038961,0.0311688,-0.668418
0.0233766,0.0311688,-0.668418
0.0266234,0.0324675,-0.668418
-0.0238095,0.0354978,-0.668418
-0.0142857,0.0350649,-0.668418
0.0272727,0.0350649,-0.668418
0.025974,0.0415584,-0.668418
0.0233766,0.0577922,-0.668418
0.025974,0.0688312,-0.668418
0.025974,0.0720779,-0.668418
0.0285714,0.075974,-0.668418
-0.025974,0.0883117,-0.668418
0.00516129,0.0193548,-0.664106
-0.0103226,0.0245161,-0.664106
-0.00903226,0.0245161,-0.664106
0.00193548,0.0229032,-0.664106
0.00612903,0.0225806,-0.664106
0.0141935,0.0245161,-0.664106
-0.0173272,0.0289401,-0.664106
-0.00516129,0.0270968,-0.664106
0.0083871,0.0277419,-0.664106
0.0122581,0.0277419,-0.664106
0.0167742,0.0281525,-0.664106
0.0212903,0.0296774,-0.664106
-0.0211982,0.0331797,-0.664106
-0.0175484,0.0327742,-0.664106
-0.0141935,0.0329032,-0.664106
0.00903226,0.0316129,-0.664106
0.0122581,0.0316129,-0.664106
0.0174194,0.0329032,-0.664106
0.022043,0.0329032,-0.664106
-0.0209677,0.0370968,-0.664106
-0.0187097,0.0374194,-0.664106
0.0174194,0.0374194,-0.664106
0.0215668,0.037235,-0.664106
0.0174194,0.04,-0.664106
0.0206452,0.04,-0.664106
-0.0167742,0.0529032,-0.664106
0.0245161,0.0690323,-0.664106
0.0245161,0.0722581,-0.664106
0.0270968,0.0748387,-0.664106
0.027957,0.0776344,-0.664106
-0.0103226,0.08,-0.664106
-0.00903226,0.08,-0.664106
-0.00683871,0.108645,-0.664106
-0.00387097,0.108387,-0.664106
0.00709677,0.108387,-0.664106
0.0120737,0.108018,-0.664106
-0.0103226,0.114839,-0.664106
-0.00709677,0.112903,-0.664106
-0.00387097,0.112903,-0.664106
0.00709677,0.112903,-0.664106
0.0120737,0.112627,-0.664106
0.016129,0.113548,-0.664106
-0.00641026,0.0185897,-0.659849
-0.00641026,0.0230769,-0.659849
0.0034188,0.0239316,-0.659849
0.00512821,0.0230769,-0.659849
-0.0117521,0.0279915,-0.659849
-0.00769231,0.0273893,-0.659849
0.00192308,0.0275641,-0.659849
0.0057529,0.0274763,-0.657747
-0.0152866,0.0343949,-0.655646
-0.0115385,0.0322844,-0.659849
-0.00842491,0.0327839,-0.659849
0.00833333,0.0339744,-0.659849
0.0121795,0.0339744,-0.659849
0.024359,0.0333333,-0.659849
-0.0165133,0.0384361,-0.659382
-0.0119329,0.0381657,-0.659849
-0.00832721,0.0377889,-0.659323
0.00833333,0.0378205,-0.659849
0.0121795,0.0378205,-0.659849
-0.017033,0.0427656,-0.659849
-0.0121433,0.0428094,-0.657747
-0.00789809,0.0429299,-0.655646
0.00811512,0.0431306,-0.659382
0.0121795,0.0429487,-0.659849
0.0173077,0.0429487,-0.659849
0.0210256,0.0425641,-0.659849
-0.0161614,0.0475176,-0.658798
-0.0121075,0.0477891,-0.655908
-0.0077707,0.0473885,-0.655646
0.00764331,0.0477707,-0.655646
0.0119619,0.0476482,-0.657747
0.0173077,0.0474359,-0.659849
-0.0155626,0.052293,-0.656486
-0.0121019,0.0528662,-0.655646
-0.0089172,0.0528662,-0.655646
0.00764331,0.0528662,-0.655646
0.0122625,0.0525841,-0.65658
0.0165954,0.0523365,-0.657047
-0.0162393,0.057906,-0.659849
-0.0125265,0.0575372,-0.655646
0.0127389,0.0573248,-0.655646
0.0159236,0.0573248,-0.655646
-0.0157766,0.0629461,-0.656171
-0.0128547,0.063231,-0.655646
-0.0159236,0.066242,-0.655646
-0.0140127,0.066242,-0.655646
0.0223665,0.0683713,-0.657747
-0.0226752,0.0733758,-0.655646
0.0191083,0.0738854,-0.655646
0.0215803,0.0719255,-0.656792
-0.0229558,0.0758778,-0.656346
-0.0115385,0.0790598,-0.659849
0.0262821,0.0794872,-0.659849
-0.0153356,0.081153,-0.657747
-0.0121795,0.0814103,-0.659849
-0.00897436,0.0807692,-0.659849
0.022426,0.0818588,-0.656847
0.0261147,0.0808917,-0.655646
0.0184713,0.0993631,-0.655646
-0.0211101,0.102457,-0.655646
-0.0173314,0.102464,-0.655926
-0.0128205,0.103846,-0.659849
0.0134615,0.103846,-0.659849
0.0175499,0.102448,-0.657047
0.0208917,0.103439,-0.655646
-0.0167409,0.107094,-0.65832
-0.0121795,0.107051,-0.659849
-0.00897436,0.105769,-0.659849
0.0141026,0.105128,-0.659849
0.0171795,0.107179,-0.659849
0.0216561,0.105732,-0.655646
-0.0168269,0.111058,-0.659849
-0.0123077,0.11141,-0.659849
0.0175214,0.110897,-0.659849
0.0205128,0.110256,-0.659849
-0.00696203,0.0493671,-0.651496
-0.00658228,0.0527848,-0.651496
0.00506329,0.0544304,-0.651496
-0.0107595,0.0588608,-0.651496
-0.00696202,0.0575949,-0.651496
0.00696202,0.0575949,-0.651496
0.0112116,0.0584087,-0.651496
0.0164557,0.0575949,-0.651496
-0.0103797,0.0622785,-0.651496
-0.00734177,0.0618987,-0.651496
0.00710808,0.0622201,-0.651496
0.0120253,0.0626582,-0.651496
0.0151899,0.0626582,-0.651496
-0.0202532,0.0696203,-0.651496
-0.0168354,0.0686076,-0.651496
-0.0132911,0.0683544,-0.651496
0.0183544,0.0689873,-0.651496
0.0202532,0.0677215,-0.651496
-0.0205063,0.0724051,-0.651496
-0.0171308,0.0726582,-0.651496
-0.0132911,0.0727848,-0.651496
0.0177215,0.0725738,-0.651496
-0.0202532,0.0778481,-0.651496
-0.0179747,0.0777215,-0.651496
0.0202532,0.0797468,-0.651496
-0.0221519,0.0848101,-0.651496
-0.0189873,0.0810127,-0.651496
0.0220615,0.0826401,-0.651496
0.0253165,0.0829114,-0.651496
-0.0225035,0.088045,-0.651496
-0.0240506,0.0943038,-0.651496
-0.0253165,0.0981013,-0.651496
-0.0224051,0.0977215,-0.651496
-0.0189873,0.0981013,-0.651496
0.0189873,0.0968354,-0.651496
0.0212658,0.0982278,-0.651496
-0.0227848,0.1,-0.651496
0.0227848,0.101496,-0.651496
0.0256329,0.102532,-0.651496
0.0240506,0.105063,-0.651496
-0.00654088,0.0633962,-0.647399
-0.00377358,0.063522,-0.647399
0.00314465,0.0641509,-0.647399
0.00628931,0.0641509,-0.647399
0.0163522,0.0622642,-0.647399
-0.0213836,0.0691824,-0.647399
-0.0110063,0.0669811,-0.647399
-0.00767296,0.0674214,-0.647399
-0.00251572,0.0672956,-0.647399
0.00188679,0.0672956,-0.647399
0.00691824,0.0672956,-0.647399
0.0119497,0.0672956,-0.647399
0.0163522,0.0670097,-0.647399
-0.0163522,0.0742138,-0.647399
-0.0106918,0.072327,-0.647399
-0.00696017,0.0724528,-0.647399
-0.00251572,0.0724986,-0.647399
0.00237596,0.0714186,-0.647399
0.00691824,0.072327,-0.647399
0.0119497,0.072327,-0.647399
0.0156334,0.0722372,-0.647399
-0.0159329,0.0771488,-0.647399
-0.0100629,0.0754717,-0.647399
-0.00648283,0.0772134,-0.647399
-0.00298742,0.0768868,-0.647399
0.00744235,0.077044,-0.647399
0.0119497,0.0773585,-0.647399
0.0168014,0.077628,-0.647399
-0.0205451,0.0823899,-0.647399
-0.0176101,0.0809224,-0.647399
-0.00628931,0.0805031,-0.647399
0.00796646,0.0809224,-0.647399
0.0120395,0.0812219,-0.647399
0.0171069,0.0822642,-0.647399
0.0220126,0.0842767,-0.647399
0.0261006,0.0833333,-0.647399
-0.0206289,0.0877987,-0.647399
-0.0171908,0.0874913,-0.647399
0.0184486,0.0859539,-0.647399
0.0221384,0.0872956,-0.647399
0.0257862,0.0874214,-0.647399
-0.0212693,0.0922813,-0.647399
-0.0188679,0.0924528,-0.647399
0.0230009,0.0930818,-0.647399
0.0254088,0.0928302,-0.647399
-0.0207547,0.0955975,-0.647399
-0.0188679,0.0955975,-0.647399
0.0230608,0.0964361,-0.647399
0.0257862,0.0974843,-0.647399
0.0264151,0.100629,-0.647399
